user_id,item_id,rating,timestamp
0.0,0.0,2.2932945489883423,0.0
0.0,302.0,2.6388039588928223,1.0
0.0,644.0,2.574817180633545,2.0
0.0,2119.0,1.634153962135315,3.0
0.0,2141.0,3.2553128004074097,4.0
0.0,2180.0,2.38401997089386,5.0
0.0,1350.0,2.491123914718628,6.0
0.0,2217.0,3.0211042165756226,7.0
0.0,343.0,3.711556673049927,8.0
0.0,2272.0,3.0821030139923096,9.0
0.0,2346.0,3.214791774749756,10.0
0.0,2592.0,3.088469386100769,11.0
0.0,1138.0,1.3506527543067932,12.0
0.0,383.0,4.028838396072388,13.0
0.0,376.0,4.211255311965942,14.0
0.0,382.0,4.046862840652466,15.0
0.0,377.0,4.179223299026489,16.0
0.0,378.0,4.1776202917099,17.0
0.0,2854.0,2.9884016513824463,18.0
0.0,1660.0,3.082781314849853,19.0
0.0,2854.0,2.9884016513824463,20.0
0.0,2854.0,2.9884016513824463,21.0
0.0,1515.0,1.6151946783065796,22.0
0.0,2214.0,1.585738241672516,23.0
0.0,3072.0,2.9258745908737183,24.0
0.0,3135.0,3.360866665840149,25.0
0.0,1444.0,3.36307430267334,26.0
0.0,2535.0,2.0513360500335693,27.0
0.0,1694.0,2.4612234234809875,28.0
0.0,52.0,3.808486223220825,29.0
0.0,2965.0,3.070070266723633,30.0
0.0,320.0,3.627769351005554,31.0
0.0,9.0,3.200828790664673,32.0
0.0,426.0,3.6315762996673584,33.0
0.0,3639.0,3.387364983558655,34.0
0.0,3951.0,3.144084930419922,35.0
0.0,427.0,3.769516944885254,36.0
0.0,2388.0,1.5217063128948212,37.0
0.0,2950.0,2.68855881690979,38.0
0.0,424.0,2.90295684337616,39.0
1.0,3.0,1.706815540790558,0.0
1.0,5.0,2.938863158226013,1.0
1.0,6.0,2.3109957575798035,2.0
1.0,7.0,2.836695432662964,3.0
1.0,8.0,3.496349692344665,4.0
1.0,9.0,3.993241548538208,5.0
1.0,13.0,1.8802294731140137,6.0
1.0,25.0,1.3163825869560242,7.0
1.0,26.0,3.493662476539612,8.0
1.0,46.0,3.556426286697388,9.0
1.0,50.0,1.149368405342102,10.0
1.0,52.0,4.007766246795654,11.0
1.0,60.0,3.92605459690094,12.0
1.0,58.0,3.872158169746399,13.0
1.0,60.0,3.92605459690094,14.0
1.0,87.0,4.24996542930603,15.0
1.0,46.0,3.556426286697388,16.0
1.0,108.0,3.006076574325561,17.0
1.0,110.0,3.0143446922302246,18.0
1.0,128.0,1.8125555217266085,19.0
1.0,132.0,3.166571974754333,20.0
1.0,145.0,2.741156935691833,21.0
1.0,148.0,3.191672921180725,22.0
1.0,153.0,2.308398127555847,23.0
1.0,69.0,3.950220465660095,24.0
1.0,124.0,3.65766179561615,25.0
1.0,221.0,2.8237533569335938,26.0
1.0,246.0,2.4642733335494995,27.0
1.0,249.0,2.561163544654846,28.0
1.0,255.0,2.6453558206558228,29.0
1.0,260.0,2.931178569793701,30.0
1.0,97.0,3.9731909036636353,31.0
1.0,105.0,2.435112714767456,32.0
1.0,176.0,3.340289711952209,33.0
1.0,466.0,2.5546382665634155,34.0
1.0,468.0,2.837915539741516,35.0
1.0,470.0,3.1281771659851074,36.0
1.0,494.0,2.249113619327545,37.0
1.0,517.0,3.43014395236969,38.0
1.0,559.0,3.4255253076553345,39.0
2.0,10.0,2.29539406299591,0.0
2.0,28.0,1.5832244455814362,1.0
2.0,41.0,1.7688082456588743,2.0
2.0,75.0,1.9228222966194155,3.0
2.0,77.0,2.634102702140808,4.0
2.0,222.0,3.326149582862854,5.0
2.0,825.0,1.420038402080536,6.0
2.0,827.0,1.9504755735397337,7.0
2.0,830.0,2.4408087134361267,8.0
2.0,833.0,2.305872321128845,9.0
2.0,844.0,3.0127326250076294,10.0
2.0,444.0,1.6732750535011292,11.0
2.0,856.0,2.5437753796577454,12.0
2.0,862.0,2.7402493953704834,13.0
2.0,5.0,1.7506090104579926,14.0
2.0,870.0,2.6795705556869507,15.0
2.0,872.0,2.4502995014190674,16.0
2.0,874.0,2.8122559785842896,17.0
2.0,927.0,3.385793685913086,18.0
2.0,938.0,2.1377047896385197,19.0
2.0,1071.0,3.3602371215820312,20.0
2.0,1229.0,2.9534112215042114,21.0
2.0,2568.0,2.7410823106765747,22.0
2.0,3451.0,3.075195908546448,23.0
2.0,3779.0,2.060300648212433,24.0
2.0,3772.0,2.708947896957397,25.0
2.0,3784.0,0.5409130901098251,26.0
2.0,1247.0,2.6196621656417847,27.0
2.0,6.0,2.907910704612732,28.0
2.0,267.0,3.0996607542037964,29.0
2.0,3986.0,3.120748996734619,30.0
2.0,4226.0,1.5070958733558657,31.0
2.0,3283.0,2.5070793628692627,32.0
2.0,4001.0,1.913585305213928,33.0
2.0,221.0,2.277483344078064,34.0
2.0,2591.0,2.706252336502075,35.0
2.0,443.0,2.368675410747528,36.0
2.0,2375.0,2.3500994443893437,37.0
2.0,4649.0,3.253783941268921,38.0
2.0,1396.0,2.014790892601013,39.0
3.0,11.0,2.11182963848114,0.0
3.0,12.0,2.8852813243865967,1.0
3.0,14.0,3.9177732467651367,2.0
3.0,15.0,3.999103307723999,3.0
3.0,18.0,4.37814736366272,4.0
3.0,19.0,4.209836483001709,5.0
3.0,24.0,1.2819566130638125,6.0
3.0,27.0,4.946039915084839,7.0
3.0,262.0,2.542599320411682,8.0
3.0,276.0,2.819351553916931,9.0
3.0,279.0,4.014382839202881,10.0
3.0,286.0,4.163367509841919,11.0
3.0,453.0,4.331376552581787,12.0
3.0,442.0,3.281985640525818,13.0
3.0,659.0,3.29189932346344,14.0
3.0,1038.0,3.2719777822494507,15.0
3.0,1312.0,4.716937065124512,16.0
3.0,1056.0,3.269513487815857,17.0
3.0,1053.0,2.75081080198288,18.0
3.0,784.0,3.658957004547119,19.0
3.0,1485.0,4.314362049102783,20.0
3.0,1524.0,3.489367127418518,21.0
3.0,1536.0,1.289602518081665,22.0
3.0,1538.0,4.676789045333862,23.0
3.0,1538.0,4.676789045333862,24.0
3.0,781.0,1.156771898269653,25.0
3.0,2104.0,4.314081907272339,26.0
3.0,1364.0,2.042113661766052,27.0
3.0,72.0,3.104540705680847,28.0
3.0,2634.0,2.024707853794098,29.0
3.0,950.0,3.70705509185791,30.0
3.0,1324.0,4.28316855430603,31.0
3.0,2949.0,2.978258848190308,32.0
3.0,2963.0,2.2216614484786987,33.0
3.0,3006.0,2.7604434490203857,34.0
3.0,1341.0,4.269970178604126,35.0
3.0,662.0,4.000511169433594,36.0
3.0,1422.0,1.623199313879013,37.0
3.0,2598.0,3.553048849105835,38.0
3.0,676.0,5.029647588729858,39.0
4.0,16.0,1.931393265724182,0.0
4.0,29.0,4.440653085708618,1.0
4.0,265.0,4.082015514373779,2.0
4.0,455.0,2.757755279541016,3.0
4.0,637.0,4.256623029708862,4.0
4.0,674.0,4.370900869369507,5.0
4.0,1408.0,3.131155848503113,6.0
4.0,1413.0,1.9986799359321596,7.0
4.0,1427.0,1.2101737558841703,8.0
4.0,1081.0,4.176077604293823,9.0
4.0,1565.0,4.063241600990295,10.0
4.0,1678.0,1.3976677656173706,11.0
4.0,1667.0,4.441436290740967,12.0
4.0,503.0,3.6771411895751953,13.0
4.0,2326.0,3.789974212646485,14.0
4.0,2506.0,2.8155438899993896,15.0
4.0,2315.0,1.686158835887909,16.0
4.0,2654.0,4.204838275909424,17.0
4.0,1454.0,2.786805391311645,18.0
4.0,2767.0,3.916724443435669,19.0
4.0,910.0,3.971814155578613,20.0
4.0,3001.0,4.234769582748413,21.0
4.0,3136.0,4.659691333770752,22.0
4.0,3220.0,4.218935012817383,23.0
4.0,3237.0,3.003877639770508,24.0
4.0,1690.0,4.135430335998535,25.0
4.0,3595.0,2.942403197288513,26.0
4.0,1055.0,3.4830822944641118,27.0
4.0,3627.0,3.294416904449463,28.0
4.0,3810.0,1.8452025055885315,29.0
4.0,1188.0,4.228192329406738,30.0
4.0,3907.0,2.391174554824829,31.0
4.0,4039.0,3.87589168548584,32.0
4.0,3992.0,4.601791143417358,33.0
4.0,1775.0,4.110527038574219,34.0
4.0,3099.0,4.327027320861816,35.0
4.0,4088.0,5.07422399520874,36.0
4.0,4088.0,5.07422399520874,37.0
4.0,4112.0,5.055061101913452,38.0
4.0,2345.0,1.3750484883785248,39.0
5.0,21.0,3.869618773460388,0.0
5.0,22.0,3.011936664581299,1.0
5.0,23.0,3.516416430473328,2.0
5.0,2734.0,2.5192636251449585,3.0
5.0,2919.0,3.2998474836349487,4.0
5.0,2919.0,3.2998474836349487,5.0
5.0,4504.0,3.362259268760681,6.0
5.0,2206.0,2.024194777011872,7.0
5.0,5068.0,2.8369473218917847,8.0
5.0,1473.0,3.1856791973114014,9.0
5.0,49.0,3.2710896730422974,10.0
5.0,1825.0,4.111228466033936,11.0
5.0,1324.0,3.845188617706299,12.0
5.0,1915.0,3.7887017726898193,13.0
5.0,6466.0,2.1604003310203552,14.0
5.0,3523.0,3.3728818893432617,15.0
5.0,3523.0,3.3728818893432617,16.0
5.0,3812.0,3.49236524105072,17.0
5.0,428.0,3.672548770904541,18.0
5.0,5170.0,1.7462332844734192,19.0
5.0,6802.0,0.3376867473125458,20.0
5.0,1589.0,3.7653454542160034,21.0
5.0,1589.0,3.7653454542160034,22.0
5.0,6886.0,3.0431851148605347,23.0
5.0,4409.0,2.515559315681457,24.0
5.0,3472.0,2.4031543731689453,25.0
5.0,442.0,3.1462326049804688,26.0
5.0,4315.0,3.566993832588196,27.0
5.0,4315.0,3.566993832588196,28.0
5.0,4409.0,2.515559315681457,29.0
5.0,5355.0,1.0300788581371307,30.0
5.0,5511.0,1.2958843111991882,31.0
5.0,4315.0,3.566993832588196,32.0
5.0,4679.0,1.931178867816925,33.0
5.0,4315.0,3.566993832588196,34.0
5.0,4315.0,3.566993832588196,35.0
5.0,4379.0,1.953370034694672,36.0
5.0,637.0,3.872122883796692,37.0
5.0,5847.0,0.9580742716789246,38.0
5.0,7183.0,3.3110413551330566,39.0
6.0,30.0,1.9690038561820984,0.0
6.0,38.0,1.0962177217006683,1.0
6.0,48.0,2.1517098546028137,2.0
6.0,218.0,2.709372639656067,3.0
6.0,1633.0,0.7012694180011749,4.0
6.0,1610.0,3.633359909057617,5.0
6.0,1611.0,3.890366315841675,6.0
6.0,1165.0,1.6237550377845764,7.0
6.0,251.0,3.6204402446746826,8.0
6.0,561.0,3.7984485626220703,9.0
6.0,2249.0,3.1823551654815674,10.0
6.0,1891.0,2.921257972717285,11.0
6.0,2699.0,2.845795512199402,12.0
6.0,593.0,3.332387924194336,13.0
6.0,592.0,3.044784903526306,14.0
6.0,2298.0,1.1155394315719604,15.0
6.0,3148.0,3.0706398487091064,16.0
6.0,1369.0,3.2156319618225098,17.0
6.0,1371.0,2.3864574432373047,18.0
6.0,126.0,3.1046773195266724,19.0
6.0,1279.0,1.3360510468482971,20.0
6.0,216.0,3.305115818977356,21.0
6.0,3599.0,2.830533623695373,22.0
6.0,858.0,1.581154465675354,23.0
6.0,883.0,2.798163414001465,24.0
6.0,3693.0,1.2520699501037598,25.0
6.0,230.0,2.529296278953552,26.0
6.0,821.0,3.106855273246765,27.0
6.0,2849.0,1.8738075494766235,28.0
6.0,3897.0,3.1786824464797974,29.0
6.0,1202.0,2.3167989253997803,30.0
6.0,4235.0,3.813458561897278,31.0
6.0,1549.0,3.6686936616897583,32.0
6.0,3096.0,2.9945828914642334,33.0
6.0,3096.0,2.9945828914642334,34.0
6.0,1196.0,3.0569032430648804,35.0
6.0,2726.0,2.840921282768249,36.0
6.0,3821.0,3.0716469287872314,37.0
6.0,3821.0,3.0716469287872314,38.0
6.0,4329.0,2.8569345474243164,39.0
7.0,31.0,2.0695616602897644,0.0
7.0,32.0,3.199835062026977,1.0
7.0,3140.0,2.373381197452545,2.0
7.0,1990.0,4.142817378044128,3.0
7.0,1535.0,3.4828771352767944,4.0
7.0,2321.0,3.978640556335449,5.0
7.0,1529.0,3.1251535415649414,6.0
7.0,141.0,4.673344612121582,7.0
7.0,3131.0,4.402159690856934,8.0
7.0,3483.0,2.846387267112732,9.0
7.0,1350.0,3.0816570520401,10.0
7.0,2882.0,3.388738512992859,11.0
7.0,1725.0,3.991339802742005,12.0
7.0,2574.0,4.571998834609985,13.0
7.0,2738.0,2.837542176246643,14.0
7.0,2582.0,4.114946722984314,15.0
7.0,3754.0,3.165155053138733,16.0
7.0,2800.0,4.048057317733765,17.0
7.0,2664.0,3.515075206756592,18.0
7.0,3496.0,2.6004989743232727,19.0
7.0,1551.0,3.8618122339248657,20.0
7.0,3571.0,2.1941118240356445,21.0
7.0,1828.0,4.005720019340515,22.0
7.0,3302.0,3.528547525405884,23.0
7.0,184.0,3.315209031105041,24.0
7.0,3901.0,2.661348342895508,25.0
7.0,2912.0,3.858457922935486,26.0
7.0,2552.0,4.176670551300049,27.0
7.0,1549.0,4.681198835372925,28.0
7.0,3307.0,3.478239178657532,29.0
7.0,3131.0,4.402159690856934,30.0
7.0,2880.0,3.620575428009033,31.0
7.0,334.0,4.6018266677856445,32.0
7.0,3766.0,4.778156757354736,33.0
7.0,3268.0,3.9471917152404794,34.0
7.0,998.0,4.86103367805481,35.0
7.0,997.0,4.885599613189697,36.0
7.0,994.0,5.076838731765747,37.0
7.0,4201.0,3.7161591053009033,38.0
7.0,3766.0,4.778156757354736,39.0
8.0,51.0,3.3032807111740112,0.0
8.0,81.0,3.196879029273987,1.0
8.0,4708.0,1.0086020231246948,2.0
8.0,1819.0,0.4858364462852478,3.0
8.0,4079.0,3.7549335956573486,4.0
8.0,7544.0,2.884714365005493,5.0
8.0,2101.0,3.3183698654174805,6.0
8.0,2653.0,2.673838675022125,7.0
8.0,7897.0,2.8691385984420776,8.0
8.0,3455.0,2.5356388092041016,9.0
8.0,5101.0,1.837281346321106,10.0
8.0,8280.0,1.890685796737671,11.0
8.0,8401.0,3.623999357223511,12.0
8.0,8477.0,2.87058937549591,13.0
8.0,8569.0,3.1913962364196777,14.0
8.0,4439.0,3.822051763534546,15.0
8.0,4530.0,3.201094388961792,16.0
8.0,5157.0,3.0190542936325078,17.0
8.0,9040.0,3.1780381202697754,18.0
8.0,8982.0,3.225379467010498,19.0
8.0,8754.0,2.508959650993347,20.0
8.0,9097.0,3.531457662582397,21.0
8.0,1822.0,1.4358108639717102,22.0
8.0,8661.0,1.7161656618118286,23.0
8.0,5233.0,3.2011200189590454,24.0
8.0,8674.0,2.376463234424591,25.0
8.0,1391.0,3.0285829305648804,26.0
8.0,9219.0,3.511422038078308,27.0
8.0,9222.0,3.813535571098328,28.0
8.0,9290.0,3.390381693840027,29.0
8.0,8686.0,3.3588751554489136,30.0
8.0,3781.0,3.686395287513733,31.0
8.0,9675.0,1.3438436090946198,32.0
8.0,7242.0,2.791164755821228,33.0
8.0,8146.0,2.511759400367737,34.0
8.0,5331.0,2.4865936040878296,35.0
8.0,9797.0,2.947351455688477,36.0
8.0,2109.0,1.1543776094913485,37.0
8.0,7173.0,2.2886465787887573,38.0
8.0,4644.0,4.052192330360413,39.0
9.0,657.0,2.9170769453048706,0.0
9.0,695.0,2.658336043357849,1.0
9.0,696.0,2.8910233974456787,2.0
9.0,1207.0,3.717621922492981,3.0
9.0,2612.0,3.0819053649902344,4.0
9.0,4626.0,0.6484564244747162,5.0
9.0,1499.0,3.8465168476104736,6.0
9.0,2072.0,2.525934338569641,7.0
9.0,3182.0,2.3970963954925537,8.0
9.0,4292.0,3.8519853353500366,9.0
9.0,269.0,2.3138161301612854,10.0
9.0,334.0,4.357022762298584,11.0
9.0,580.0,3.400832772254944,12.0
9.0,340.0,4.630566120147705,13.0
9.0,68.0,2.7210726737976074,14.0
9.0,344.0,4.737056493759155,15.0
9.0,341.0,4.599732398986816,16.0
9.0,144.0,2.955227017402649,17.0
9.0,926.0,2.315957188606262,18.0
9.0,1202.0,2.411562204360962,19.0
9.0,935.0,2.2137579917907715,20.0
9.0,258.0,4.142530202865601,21.0
9.0,159.0,3.375728845596313,22.0
9.0,5242.0,3.6891286373138423,23.0
9.0,1088.0,1.5306809097528458,24.0
9.0,146.0,1.822835087776184,25.0
9.0,3823.0,2.206957161426544,26.0
9.0,3346.0,2.3664857149124146,27.0
9.0,824.0,3.4254469871521,28.0
9.0,402.0,4.275567293167114,29.0
9.0,1850.0,3.4924293756484985,30.0
9.0,4046.0,4.203064203262329,31.0
9.0,1547.0,1.9128698706626888,32.0
9.0,1244.0,3.348280906677246,33.0
9.0,3952.0,3.86964750289917,34.0
9.0,5534.0,2.6253613233566284,35.0
9.0,5339.0,1.8417975306510923,36.0
9.0,512.0,3.46519386768341,37.0
9.0,367.0,2.5699232816696167,38.0
9.0,823.0,4.138706803321838,39.0
10.0,36.0,1.3579758703708649,0.0
10.0,394.0,1.520558774471283,1.0
10.0,2790.0,2.9548439979553223,2.0
10.0,1743.0,2.855419754981994,3.0
10.0,2137.0,1.9802168011665344,4.0
10.0,844.0,2.224692225456238,5.0
10.0,1743.0,2.855419754981994,6.0
10.0,3601.0,2.9006530046463013,7.0
10.0,847.0,2.2073172330856323,8.0
10.0,2784.0,2.105544686317444,9.0
10.0,3532.0,2.8643791675567627,10.0
10.0,1410.0,1.978926539421081,11.0
10.0,2228.0,1.9195372462272644,12.0
10.0,5541.0,1.2223133444786072,13.0
10.0,5750.0,2.617419123649597,14.0
10.0,5112.0,2.9246171712875366,15.0
10.0,2572.0,2.7273366451263428,16.0
10.0,4690.0,1.3871744871139526,17.0
10.0,1946.0,0.750661313533783,18.0
10.0,1928.0,1.3674190044403076,19.0
10.0,2437.0,2.5067583322525024,20.0
10.0,6390.0,1.0492165684700012,21.0
10.0,7243.0,1.1279427409172058,22.0
10.0,477.0,2.7747141122817998,23.0
10.0,1928.0,1.3674190044403076,24.0
10.0,4064.0,1.5822978019714355,25.0
10.0,6352.0,2.7985620498657227,26.0
10.0,3356.0,2.0198974013328552,27.0
10.0,7522.0,2.584456205368042,28.0
10.0,4495.0,1.0572748482227323,29.0
10.0,3106.0,2.3098787665367126,30.0
10.0,5336.0,2.014054656028748,31.0
10.0,8282.0,1.3862583935260773,32.0
10.0,5058.0,2.6937488317489624,33.0
10.0,3547.0,2.097615599632263,34.0
10.0,8372.0,1.6547636985778809,35.0
10.0,6279.0,1.0713755637407305,36.0
10.0,6839.0,0.7025848627090454,37.0
10.0,5015.0,0.7734642028808594,38.0
10.0,4517.0,0.8444504737854004,39.0
11.0,37.0,3.65916919708252,0.0
11.0,5.0,2.55085837841034,1.0
11.0,1822.0,2.541493535041809,2.0
11.0,157.0,2.1568459272384644,3.0
11.0,1136.0,1.808902472257614,4.0
11.0,907.0,3.20327377319336,5.0
11.0,566.0,2.894632935523987,6.0
11.0,2117.0,2.799267888069153,7.0
11.0,1725.0,3.183289885520935,8.0
11.0,1317.0,2.175991535186768,9.0
11.0,2790.0,3.239682912826538,10.0
11.0,949.0,2.812893509864807,11.0
11.0,2135.0,3.30165433883667,12.0
11.0,1276.0,2.6091837882995605,13.0
11.0,3344.0,3.247478127479553,14.0
11.0,1743.0,3.311537981033325,15.0
11.0,2137.0,1.8695711493492129,16.0
11.0,1502.0,2.2718640565872192,17.0
11.0,3112.0,2.7273601293563843,18.0
11.0,3053.0,2.4215457439422607,19.0
11.0,3165.0,0.5008570849895477,20.0
11.0,2228.0,1.6103376150131226,21.0
11.0,3168.0,2.767535448074341,22.0
11.0,570.0,2.8950841426849365,23.0
11.0,2839.0,2.8477611541748047,24.0
11.0,2024.0,2.27060329914093,25.0
11.0,2625.0,3.06560742855072,26.0
11.0,4103.0,3.146366834640503,27.0
11.0,2132.0,2.845750093460083,28.0
11.0,4809.0,3.4841374158859253,29.0
11.0,2416.0,0.915869563817978,30.0
11.0,3481.0,0.9858097732067108,31.0
11.0,4158.0,2.8153716325759888,32.0
11.0,3481.0,0.9858097732067108,33.0
11.0,5513.0,2.215898096561432,34.0
11.0,4407.0,3.733486175537109,35.0
11.0,5448.0,3.1012266874313354,36.0
11.0,5733.0,3.152567267417908,37.0
11.0,394.0,1.8980829119682312,38.0
11.0,1768.0,1.6944527626037598,39.0
12.0,43.0,2.6539169549942017,0.0
12.0,92.0,2.575067639350891,1.0
12.0,92.0,2.575067639350891,2.0
12.0,218.0,2.3157438039779663,3.0
12.0,235.0,1.4613035917282104,4.0
12.0,195.0,2.980848550796509,5.0
12.0,261.0,2.4550455808639526,6.0
12.0,1568.0,3.4311355352401733,7.0
12.0,2946.0,1.576509714126587,8.0
12.0,2256.0,4.077997922897339,9.0
12.0,2253.0,4.118423342704773,10.0
12.0,4066.0,2.556108355522156,11.0
12.0,637.0,3.630680561065674,12.0
12.0,2157.0,2.5715315341949463,13.0
12.0,1954.0,4.251728653907776,14.0
12.0,2073.0,3.8886181116104126,15.0
12.0,552.0,2.7755178213119507,16.0
12.0,3056.0,2.770471930503845,17.0
12.0,2747.0,2.384911894798279,18.0
12.0,35.0,3.913933157920837,19.0
12.0,4892.0,3.11275053024292,20.0
12.0,2269.0,1.2337799370288849,21.0
12.0,5120.0,0.3789857923984527,22.0
12.0,702.0,3.302670955657959,23.0
12.0,4637.0,1.2475892007350922,24.0
12.0,3043.0,2.5151939392089844,25.0
12.0,1173.0,2.896174907684326,26.0
12.0,4610.0,3.782188534736633,27.0
12.0,813.0,3.9639413356781006,28.0
12.0,3907.0,2.0138837695121765,29.0
12.0,263.0,3.1935569047927856,30.0
12.0,4611.0,2.4283576607704163,31.0
12.0,5597.0,3.4125418663024902,32.0
12.0,839.0,4.267326831817627,33.0
12.0,6405.0,4.005722761154175,34.0
12.0,5910.0,3.862963914871216,35.0
12.0,139.0,4.15569281578064,36.0
12.0,142.0,4.047091841697693,37.0
12.0,139.0,4.15569281578064,38.0
12.0,5919.0,4.2201515436172485,39.0
13.0,44.0,0.5095321163535118,0.0
13.0,57.0,4.363932847976685,1.0
13.0,57.0,4.363932847976685,2.0
13.0,64.0,1.9650526642799375,3.0
13.0,67.0,2.58441174030304,4.0
13.0,78.0,4.075872421264648,5.0
13.0,80.0,4.499435663223267,6.0
13.0,18.0,4.421375751495361,7.0
13.0,90.0,1.6848158240318298,8.0
13.0,94.0,2.8556644916534424,9.0
13.0,103.0,3.806370615959168,10.0
13.0,106.0,3.5097975730896,11.0
13.0,107.0,3.5970206260681152,12.0
13.0,137.0,1.0188435912132263,13.0
13.0,150.0,1.9662149548530576,14.0
13.0,183.0,0.9120900928974152,15.0
13.0,272.0,1.3216185569763184,16.0
13.0,176.0,3.7948830127716064,17.0
13.0,618.0,4.5402820110321045,18.0
13.0,459.0,4.356141805648804,19.0
13.0,632.0,4.527108192443848,20.0
13.0,386.0,4.694295167922974,21.0
13.0,642.0,4.243675947189331,22.0
13.0,662.0,3.830328583717346,23.0
13.0,459.0,4.356141805648804,24.0
13.0,774.0,2.2472886443138123,25.0
13.0,632.0,4.527108192443848,26.0
13.0,1407.0,2.805719256401062,27.0
13.0,1611.0,4.538140773773193,28.0
13.0,1610.0,4.032680630683899,29.0
13.0,584.0,4.143769025802612,30.0
13.0,1732.0,3.91987144947052,31.0
13.0,2015.0,2.0880545377731323,32.0
13.0,2022.0,3.3402252197265625,33.0
13.0,1330.0,4.104047417640686,34.0
13.0,2422.0,0.4168077930808067,35.0
13.0,355.0,2.0959917306900024,36.0
13.0,2176.0,3.158552885055542,37.0
13.0,632.0,4.527108192443848,38.0
13.0,971.0,4.491250038146973,39.0
14.0,45.0,3.187219262123108,0.0
14.0,63.0,4.926591634750366,1.0
14.0,66.0,5.126862287521362,2.0
14.0,71.0,3.9239346981048575,3.0
14.0,72.0,3.364833116531372,4.0
14.0,73.0,4.592069149017334,5.0
14.0,275.0,4.674360752105713,6.0
14.0,277.0,4.538202524185181,7.0
14.0,460.0,4.88176703453064,8.0
14.0,478.0,4.477346897125244,9.0
14.0,481.0,4.545003890991211,10.0
14.0,397.0,4.314216613769531,11.0
14.0,267.0,3.247216582298279,12.0
14.0,1188.0,3.730769395828247,13.0
14.0,2628.0,4.173054218292236,14.0
14.0,93.0,5.187236309051514,15.0
14.0,123.0,3.6645801067352295,16.0
14.0,1724.0,4.414299488067627,17.0
14.0,2805.0,2.694489002227783,18.0
14.0,236.0,2.028540790081024,19.0
14.0,47.0,3.686892986297608,20.0
14.0,1296.0,4.638298749923706,21.0
14.0,2492.0,2.7618969678878784,22.0
14.0,1701.0,3.78951907157898,23.0
14.0,685.0,4.083052396774292,24.0
14.0,2603.0,3.555243849754333,25.0
14.0,1315.0,3.994462013244629,26.0
14.0,3484.0,3.7165662050247192,27.0
14.0,1815.0,4.542608022689819,28.0
14.0,2287.0,4.342891812324524,29.0
14.0,1537.0,4.4099650382995605,30.0
14.0,2417.0,2.2672240138053894,31.0
14.0,1696.0,3.313109040260315,32.0
14.0,54.0,4.2197569608688354,33.0
14.0,1594.0,4.610692739486694,34.0
14.0,2069.0,2.8674463033676147,35.0
14.0,1215.0,5.072754383087158,36.0
14.0,3719.0,3.759399175643921,37.0
14.0,1108.0,3.7559654712677,38.0
14.0,126.0,3.5087192058563232,39.0
15.0,47.0,1.4257500171661377,0.0
15.0,102.0,2.6854171752929688,1.0
15.0,130.0,2.9546473026275635,2.0
15.0,1869.0,2.115376591682434,3.0
15.0,1247.0,3.0628952980041504,4.0
15.0,2574.0,2.936640501022339,5.0
15.0,518.0,2.448318600654602,6.0
15.0,2353.0,3.0412404537200928,7.0
15.0,3307.0,1.97275573015213,8.0
15.0,3530.0,2.7889673709869385,9.0
15.0,3077.0,3.563718318939209,10.0
15.0,1611.0,3.490330934524536,11.0
15.0,4235.0,3.8946471214294434,12.0
15.0,1610.0,3.4499396085739136,13.0
15.0,4136.0,3.3155144453048706,14.0
15.0,4137.0,3.0245124101638794,15.0
15.0,4483.0,3.1400537490844727,16.0
15.0,4483.0,3.1400537490844727,17.0
15.0,3897.0,3.05120062828064,18.0
15.0,2818.0,2.300409436225891,19.0
15.0,4720.0,2.7206053733825684,20.0
15.0,5966.0,3.3314050436019897,21.0
15.0,110.0,2.802800178527832,22.0
15.0,5032.0,3.276404023170471,23.0
15.0,482.0,3.406073093414306,24.0
15.0,6405.0,4.0007017850875854,25.0
15.0,1463.0,3.5987476110458374,26.0
15.0,7226.0,2.18652480840683,27.0
15.0,5448.0,3.189818263053894,28.0
15.0,174.0,1.821155697107315,29.0
15.0,7417.0,3.404681921005249,30.0
15.0,7469.0,0.2736788466572761,31.0
15.0,7281.0,3.744714140892029,32.0
15.0,3319.0,1.4475889205932615,33.0
15.0,7061.0,3.570564985275269,34.0
15.0,5772.0,2.064310312271118,35.0
15.0,7662.0,2.898587226867676,36.0
15.0,490.0,3.169336199760437,37.0
15.0,8527.0,2.3391833305358887,38.0
15.0,7116.0,2.6383814811706543,39.0
16.0,164.0,2.2631078958511357,0.0
16.0,347.0,3.0596511363983154,1.0
16.0,741.0,3.3182082176208496,2.0
16.0,250.0,3.414882779121399,3.0
16.0,781.0,1.532388687133789,4.0
16.0,760.0,2.499967217445373,5.0
16.0,799.0,3.0887787342071533,6.0
16.0,496.0,3.808154344558716,7.0
16.0,865.0,1.2400234639644625,8.0
16.0,225.0,3.0308257341384888,9.0
16.0,666.0,3.720097780227661,10.0
16.0,910.0,3.4931671619415283,11.0
16.0,469.0,2.0402066707611084,12.0
16.0,463.0,2.528390884399414,13.0
16.0,1952.0,0.3670962247997522,14.0
16.0,1194.0,2.61576783657074,15.0
16.0,603.0,3.548343539237976,16.0
16.0,786.0,3.367539644241333,17.0
16.0,2055.0,3.034048676490784,18.0
16.0,1333.0,3.5614709854125977,19.0
16.0,866.0,3.189560294151306,20.0
16.0,1296.0,3.4299252033233643,21.0
16.0,1167.0,3.4017826318740845,22.0
16.0,482.0,4.181045770645142,23.0
16.0,975.0,3.423158884048462,24.0
16.0,186.0,3.4224965572357178,25.0
16.0,2097.0,4.062988996505737,26.0
16.0,2094.0,3.9956796169281006,27.0
16.0,1244.0,3.849534749984741,28.0
16.0,165.0,2.240021586418152,29.0
16.0,3512.0,2.007889986038208,30.0
16.0,2274.0,3.2353183031082158,31.0
16.0,1279.0,3.296494960784912,32.0
16.0,462.0,2.8923614025115967,33.0
16.0,2574.0,3.8683735132217407,34.0
16.0,1611.0,4.292881965637207,35.0
16.0,1610.0,4.336991310119629,36.0
16.0,49.0,3.8582204580307007,37.0
16.0,3764.0,3.2085721492767334,38.0
16.0,87.0,3.8963623046875,39.0
17.0,54.0,3.855442643165589,0.0
17.0,55.0,3.6697092056274414,1.0
17.0,56.0,3.98634672164917,2.0
17.0,230.0,3.437977433204651,3.0
17.0,232.0,2.92646586894989,4.0
17.0,236.0,1.8000193238258362,5.0
17.0,238.0,3.0304125547409058,6.0
17.0,140.0,2.2121604084968567,7.0
17.0,47.0,3.260865807533264,8.0
17.0,578.0,2.25308620929718,9.0
17.0,579.0,3.734024405479431,10.0
17.0,583.0,4.225508213043213,11.0
17.0,587.0,3.28279709815979,12.0
17.0,344.0,4.693167686462402,13.0
17.0,341.0,4.840436697006226,14.0
17.0,340.0,4.901179313659668,15.0
17.0,317.0,2.4056692123413086,16.0
17.0,110.0,3.3562291860580444,17.0
17.0,591.0,3.94087827205658,18.0
17.0,108.0,3.5258740186691284,19.0
17.0,597.0,2.1201095581054688,20.0
17.0,362.0,3.007843852043152,21.0
17.0,628.0,3.5264350175857544,22.0
17.0,250.0,3.121447443962097,23.0
17.0,669.0,3.239856481552124,24.0
17.0,366.0,3.2601832151412964,25.0
17.0,848.0,1.8735418319702148,26.0
17.0,968.0,4.149226903915405,27.0
17.0,813.0,3.951229333877564,28.0
17.0,926.0,3.745503425598145,29.0
17.0,351.0,3.8737640380859375,30.0
17.0,935.0,3.033273816108704,31.0
17.0,1421.0,4.348236560821533,32.0
17.0,987.0,3.3907134532928467,33.0
17.0,1459.0,2.410749673843384,34.0
17.0,482.0,4.128074765205383,35.0
17.0,907.0,3.925550699234009,36.0
17.0,1525.0,1.830994188785553,37.0
17.0,658.0,3.670772433280945,38.0
17.0,359.0,3.5017011165618896,39.0
18.0,58.0,3.6956570148468018,0.0
18.0,61.0,2.953666925430298,1.0
18.0,81.0,3.370932936668396,2.0
18.0,97.0,3.5968953371047974,3.0
18.0,7.0,3.363137006759644,4.0
18.0,144.0,3.665212512016296,5.0
18.0,149.0,3.58513605594635,6.0
18.0,196.0,3.3721669912338257,7.0
18.0,213.0,3.2433189153671265,8.0
18.0,360.0,3.365090847015381,9.0
18.0,438.0,3.199611186981201,10.0
18.0,443.0,3.3322620391845703,11.0
18.0,469.0,2.3971391916275024,12.0
18.0,488.0,1.991380035877228,13.0
18.0,544.0,3.558415174484253,14.0
18.0,612.0,2.2135884761810303,15.0
18.0,660.0,2.725659132003784,16.0
18.0,764.0,3.2290505170822144,17.0
18.0,1027.0,1.7619361281394958,18.0
18.0,934.0,3.2770144939422607,19.0
18.0,1203.0,3.5853575468063354,20.0
18.0,1242.0,3.0268770456314087,21.0
18.0,1446.0,3.287760376930237,22.0
18.0,702.0,2.7701332569122314,23.0
18.0,1796.0,2.2024325132369995,24.0
18.0,1990.0,3.429774522781372,25.0
18.0,1904.0,3.381267547607422,26.0
18.0,1549.0,3.66151225566864,27.0
18.0,1931.0,3.3546096086502075,28.0
18.0,907.0,3.813663244247437,29.0
18.0,2429.0,3.6811776161193848,30.0
18.0,975.0,3.458137631416321,31.0
18.0,231.0,3.323296546936035,32.0
18.0,1327.0,3.3371654748916626,33.0
18.0,2488.0,3.4692264795303345,34.0
18.0,2912.0,3.340206980705261,35.0
18.0,3056.0,3.177755117416382,36.0
18.0,3283.0,3.9053313732147217,37.0
18.0,3053.0,2.578605532646179,38.0
18.0,3344.0,3.404654026031494,39.0
19.0,59.0,3.91513991355896,0.0
19.0,1006.0,3.1253738403320312,1.0
19.0,1139.0,0.8173711597919464,2.0
19.0,1683.0,1.827726125717163,3.0
19.0,2129.0,3.1015408039093018,4.0
19.0,1679.0,3.238311171531677,5.0
19.0,130.0,3.062496781349182,6.0
19.0,1568.0,3.523721694946289,7.0
19.0,674.0,3.8283649682998657,8.0
19.0,2685.0,3.080623149871826,9.0
19.0,3430.0,4.217522144317627,10.0
19.0,3716.0,0.8681691288948059,11.0
19.0,3737.0,3.3685762882232666,12.0
19.0,3833.0,0.2110427394509315,13.0
19.0,2493.0,0.9353660941123962,14.0
19.0,2875.0,1.4746503233909607,15.0
19.0,186.0,3.622803211212158,16.0
19.0,3429.0,4.134995818138123,17.0
19.0,3530.0,3.664648413658142,18.0
19.0,3764.0,3.65713095664978,19.0
19.0,4127.0,2.1908079981803894,20.0
19.0,3952.0,3.474520444869995,21.0
19.0,4256.0,3.428516626358032,22.0
19.0,4257.0,4.200441598892212,23.0
19.0,4426.0,0.8684836477041245,24.0
19.0,1287.0,3.2795873880386357,25.0
19.0,2360.0,3.7883262634277344,26.0
19.0,2654.0,2.6869893074035645,27.0
19.0,1549.0,3.914738178253174,28.0
19.0,789.0,2.649329423904419,29.0
19.0,4354.0,2.9647170305252075,30.0
19.0,741.0,3.1745684146881104,31.0
19.0,1760.0,3.3906432390213013,32.0
19.0,4607.0,3.5701674222946167,33.0
19.0,759.0,2.57096803188324,34.0
19.0,45.0,3.242024302482605,35.0
19.0,1968.0,3.0872061252593994,36.0
19.0,4088.0,4.644143342971802,37.0
19.0,4088.0,4.644143342971802,38.0
19.0,1600.0,2.3960339426994324,39.0
20.0,125.0,4.37605881690979,0.0
20.0,37.0,4.744818925857544,1.0
20.0,126.0,3.886567234992981,2.0
20.0,169.0,3.882773756980896,3.0
20.0,170.0,3.755299687385559,4.0
20.0,663.0,3.9787532091140743,5.0
20.0,18.0,3.807575702667236,6.0
20.0,258.0,4.2649805545806885,7.0
20.0,897.0,2.29036545753479,8.0
20.0,1979.0,1.5602871775627136,9.0
20.0,176.0,4.060478925704956,10.0
20.0,1132.0,4.337399244308472,11.0
20.0,376.0,5.013671875,12.0
20.0,382.0,4.898482322692871,13.0
20.0,383.0,4.756091833114624,14.0
20.0,377.0,5.065944910049439,15.0
20.0,378.0,4.910629987716675,16.0
20.0,1283.0,4.526623010635376,17.0
20.0,739.0,4.345469236373901,18.0
20.0,549.0,3.4845865964889526,19.0
20.0,1134.0,2.934147596359253,20.0
20.0,47.0,3.2043944597244263,21.0
20.0,1363.0,2.272806704044342,22.0
20.0,412.0,3.066881895065308,23.0
20.0,1629.0,3.764737844467163,24.0
20.0,1936.0,2.387076139450073,25.0
20.0,3764.0,3.523254871368408,26.0
20.0,97.0,2.7695279121398926,27.0
20.0,60.0,3.3449532985687256,28.0
20.0,627.0,2.856936097145081,29.0
20.0,615.0,3.800782799720764,30.0
20.0,658.0,3.874714136123657,31.0
20.0,4082.0,2.113285362720489,32.0
20.0,1973.0,2.3648534417152405,33.0
20.0,3078.0,2.206375002861023,34.0
20.0,453.0,3.556311011314392,35.0
20.0,1187.0,2.8894847631454468,36.0
20.0,2912.0,2.456846117973328,37.0
20.0,509.0,3.75578498840332,38.0
20.0,3148.0,4.013717412948608,39.0
21.0,65.0,3.026440739631653,0.0
21.0,109.0,3.7818251848220825,1.0
21.0,59.0,4.354223728179932,2.0
21.0,1872.0,3.3611401319503784,3.0
21.0,351.0,3.217476725578308,4.0
21.0,2311.0,3.864165782928467,5.0
21.0,1610.0,4.434140205383301,6.0
21.0,1611.0,4.784407615661621,7.0
21.0,2448.0,3.6471784114837646,8.0
21.0,2474.0,3.9469908475875854,9.0
21.0,1847.0,2.6934986114501958,10.0
21.0,1536.0,2.99294650554657,11.0
21.0,453.0,4.120617866516113,12.0
21.0,433.0,3.843672752380371,13.0
21.0,1359.0,4.257054805755615,14.0
21.0,3303.0,1.6229090094566343,15.0
21.0,1124.0,3.586915373802185,16.0
21.0,1713.0,3.8919312953948975,17.0
21.0,69.0,3.862528562545776,18.0
21.0,1470.0,3.700014352798462,19.0
21.0,317.0,3.758790016174317,20.0
21.0,1760.0,4.088519334793091,21.0
21.0,3748.0,0.725970447063446,22.0
21.0,3683.0,2.646946430206299,23.0
21.0,622.0,2.981592833995819,24.0
21.0,3862.0,2.8125579357147217,25.0
21.0,3645.0,3.0898680686950684,26.0
21.0,3825.0,3.4249058961868286,27.0
21.0,3825.0,3.4249058961868286,28.0
21.0,1689.0,4.430967807769775,29.0
21.0,1385.0,3.9580001831054688,30.0
21.0,2366.0,1.7501795887947085,31.0
21.0,2289.0,4.427471160888672,32.0
21.0,3820.0,1.7923586070537567,33.0
21.0,3795.0,1.5062841773033142,34.0
21.0,1341.0,4.461362361907959,35.0
21.0,2249.0,4.350901126861572,36.0
21.0,3982.0,4.336734056472778,37.0
21.0,9.0,3.9304624795913696,38.0
21.0,3399.0,4.3878350257873535,39.0
22.0,68.0,4.099270582199097,0.0
22.0,76.0,0.8851349800825119,1.0
22.0,82.0,3.5269336700439453,2.0
22.0,74.0,3.4582163095474243,3.0
22.0,116.0,3.671149611473084,4.0
22.0,121.0,3.866869330406189,5.0
22.0,156.0,4.045527458190918,6.0
22.0,59.0,4.061761856079102,7.0
22.0,163.0,2.4176514744758606,8.0
22.0,124.0,3.797381639480591,9.0
22.0,172.0,2.918770670890808,10.0
22.0,174.0,4.037119746208191,11.0
22.0,26.0,3.5997681617736816,12.0
22.0,182.0,2.248498022556305,13.0
22.0,186.0,3.6420531272888175,14.0
22.0,190.0,3.678280234336853,15.0
22.0,212.0,3.24150025844574,16.0
22.0,215.0,3.5921084880828857,17.0
22.0,220.0,2.1375259160995483,18.0
22.0,51.0,4.022589445114136,19.0
22.0,109.0,3.7001315355300894,20.0
22.0,252.0,3.8011823892593375,21.0
22.0,256.0,3.355374336242676,22.0
22.0,263.0,3.908279180526733,23.0
22.0,448.0,2.317393898963928,24.0
22.0,455.0,2.4016193151474,25.0
22.0,475.0,2.954467177391052,26.0
22.0,489.0,2.7802376747131348,27.0
22.0,572.0,3.210210680961609,28.0
22.0,284.0,3.80635929107666,29.0
22.0,643.0,3.560356020927429,30.0
22.0,1242.0,3.759983539581299,31.0
22.0,1150.0,2.859303116798401,32.0
22.0,852.0,4.450448274612427,33.0
22.0,2256.0,4.32276725769043,34.0
22.0,2253.0,4.428950548171997,35.0
22.0,1242.0,3.759983539581299,36.0
22.0,2375.0,3.5412609577178955,37.0
22.0,2937.0,1.8874355554580688,38.0
22.0,2135.0,3.569650411605835,39.0
23.0,69.0,4.129536867141724,0.0
23.0,141.0,4.755651950836182,1.0
23.0,635.0,4.323911905288696,2.0
23.0,635.0,4.323911905288696,3.0
23.0,636.0,4.334017276763916,4.0
23.0,1333.0,4.424868822097778,5.0
23.0,1679.0,3.21043062210083,6.0
23.0,2109.0,3.669521927833557,7.0
23.0,2912.0,3.896140456199646,8.0
23.0,3001.0,2.4253737926483154,9.0
23.0,3067.0,3.605627298355103,10.0
23.0,2994.0,2.95542049407959,11.0
23.0,2429.0,4.224657297134399,12.0
23.0,224.0,3.4234825372695923,13.0
23.0,3056.0,2.7392035722732544,14.0
23.0,3270.0,3.24358332157135,15.0
23.0,2159.0,2.5993714332580566,16.0
23.0,2818.0,2.191028118133545,17.0
23.0,289.0,3.998056173324585,18.0
23.0,3220.0,2.97929847240448,19.0
23.0,390.0,3.287318468093872,20.0
23.0,3737.0,3.5837050676345825,21.0
23.0,1502.0,3.26099956035614,22.0
23.0,2335.0,3.903953433036804,23.0
23.0,3838.0,3.43449342250824,24.0
23.0,2236.0,4.668834924697876,25.0
23.0,4008.0,4.500609636306763,26.0
23.0,3450.0,3.8307658433914185,27.0
23.0,4065.0,4.182186126708984,28.0
23.0,4235.0,4.2902991771698,29.0
23.0,4254.0,3.533172130584717,30.0
23.0,19.0,1.9760602712631223,31.0
23.0,4501.0,3.783633232116699,32.0
23.0,4610.0,3.231453418731689,33.0
23.0,4699.0,2.68034565448761,34.0
23.0,4892.0,3.388773322105408,35.0
23.0,5081.0,3.689440369606018,36.0
23.0,1788.0,1.371345579624176,37.0
23.0,99.0,2.5114606618881226,38.0
23.0,5134.0,4.161803960800171,39.0
24.0,70.0,2.8659576177597046,0.0
24.0,1319.0,0.8992654383182526,1.0
24.0,296.0,3.447460174560547,2.0
24.0,1392.0,2.3878036737442017,3.0
24.0,3439.0,2.473123788833618,4.0
24.0,3952.0,3.427348017692566,5.0
24.0,2202.0,2.128303050994873,6.0
24.0,2527.0,2.6050853729248047,7.0
24.0,2587.0,3.61933970451355,8.0
24.0,4764.0,1.108972191810608,9.0
24.0,974.0,3.2073700428009038,10.0
24.0,2839.0,3.144861459732056,11.0
24.0,732.0,2.6758536100387573,12.0
24.0,3344.0,2.5552873015403748,13.0
24.0,4103.0,3.048144578933716,14.0
24.0,5389.0,3.825928330421448,15.0
24.0,1534.0,3.713679790496826,16.0
24.0,1245.0,2.174174129962921,17.0
24.0,5876.0,2.131123661994934,18.0
24.0,5448.0,2.488891839981079,19.0
24.0,3018.0,2.4490716457366943,20.0
24.0,561.0,3.825649738311768,21.0
24.0,4916.0,1.812220573425293,22.0
24.0,4916.0,1.812220573425293,23.0
24.0,1805.0,3.724807739257813,24.0
24.0,5925.0,2.8343838453292847,25.0
24.0,6314.0,1.7902997136116028,26.0
24.0,2887.0,3.938910961151123,27.0
24.0,997.0,3.98315703868866,28.0
24.0,994.0,4.15822172164917,29.0
24.0,3052.0,2.247226595878601,30.0
24.0,3864.0,2.4316567182540894,31.0
24.0,839.0,4.010314583778381,32.0
24.0,570.0,2.898028969764709,33.0
24.0,1241.0,2.660977005958557,34.0
24.0,2342.0,1.7326276898384094,35.0
24.0,7604.0,1.470120370388031,36.0
24.0,7792.0,2.796486258506775,37.0
24.0,1392.0,2.3878036737442017,38.0
24.0,7627.0,2.743422269821167,39.0
25.0,629.0,3.077463269233704,0.0
25.0,2453.0,2.2471104860305786,1.0
25.0,974.0,3.150658369064331,2.0
25.0,60.0,3.613076686859131,3.0
25.0,832.0,2.9281351566314697,4.0
25.0,1731.0,2.839119076728821,5.0
25.0,2898.0,1.3436859548091888,6.0
25.0,1688.0,2.153463304042816,7.0
25.0,582.0,2.27347332239151,8.0
25.0,1317.0,2.5298088788986206,9.0
25.0,765.0,2.9643008708953857,10.0
25.0,173.0,2.792916417121887,11.0
25.0,3344.0,3.205998420715332,12.0
25.0,2004.0,1.3753572404384613,13.0
25.0,289.0,3.2404650449752808,14.0
25.0,2488.0,2.9525009393692017,15.0
25.0,45.0,2.885724902153015,16.0
25.0,3485.0,2.410317540168762,17.0
25.0,1224.0,1.6901476383209229,18.0
25.0,450.0,1.979975700378418,19.0
25.0,616.0,3.295150876045227,20.0
25.0,613.0,3.649227261543274,21.0
25.0,168.0,2.705268859863281,22.0
25.0,3872.0,1.625684916973114,23.0
25.0,1913.0,2.271148383617401,24.0
25.0,3930.0,1.409216225147247,25.0
25.0,3952.0,3.277285933494568,26.0
25.0,3083.0,1.331780642271042,27.0
25.0,43.0,2.3241240978240967,28.0
25.0,4519.0,2.425290107727051,29.0
25.0,390.0,2.585984587669373,30.0
25.0,461.0,2.2448580861091614,31.0
25.0,577.0,3.06458580493927,32.0
25.0,3970.0,3.717174768447876,33.0
25.0,4652.0,2.870653748512268,34.0
25.0,674.0,3.14459764957428,35.0
25.0,1147.0,3.0812041759490967,36.0
25.0,4451.0,2.7561280727386475,37.0
25.0,4610.0,3.0279617309570312,38.0
25.0,1976.0,2.920681595802307,39.0
26.0,79.0,1.3856448531150818,0.0
26.0,216.0,2.417192339897156,1.0
26.0,4104.0,3.2159500122070312,2.0
26.0,1337.0,1.9220595955848692,3.0
26.0,2373.0,2.1268686652183533,4.0
26.0,2373.0,2.1268686652183533,5.0
26.0,2494.0,2.382931351661682,6.0
26.0,9.0,3.4847930669784546,7.0
26.0,1359.0,1.739321082830429,8.0
26.0,1204.0,2.179677248001098,9.0
26.0,1723.0,1.6826606094837189,10.0
26.0,2145.0,2.9131743907928467,11.0
26.0,891.0,1.4936564564704895,12.0
26.0,2563.0,3.6797144412994394,13.0
26.0,2552.0,3.2523893117904663,14.0
26.0,4112.0,3.191141366958618,15.0
26.0,1890.0,2.4810497760772705,16.0
26.0,1889.0,1.1798014044761658,17.0
26.0,5081.0,2.9891782999038696,18.0
26.0,5389.0,3.40841281414032,19.0
26.0,2951.0,1.6452576518058777,20.0
26.0,2681.0,2.048984169960022,21.0
26.0,812.0,2.390517354011536,22.0
26.0,5560.0,1.8669615983963013,23.0
26.0,772.0,2.578635811805725,24.0
26.0,2780.0,0.5676535665988922,25.0
26.0,5966.0,2.790893197059632,26.0
26.0,2439.0,3.4129966497421265,27.0
26.0,2627.0,2.6931520104408264,28.0
26.0,6140.0,1.1630427837371826,29.0
26.0,858.0,1.959567964076996,30.0
26.0,883.0,3.583597183227539,31.0
26.0,309.0,2.3728721141815186,32.0
26.0,309.0,2.3728721141815186,33.0
26.0,6527.0,0.2973181530833244,34.0
26.0,6344.0,1.592829346656799,35.0
26.0,6593.0,2.483994007110596,36.0
26.0,1629.0,3.4143582582473755,37.0
26.0,267.0,1.935225874185562,38.0
26.0,2181.0,1.328383982181549,39.0
27.0,83.0,3.500955939292908,0.0
27.0,84.0,0.6641987413167953,1.0
27.0,85.0,0.487834021449089,2.0
27.0,89.0,3.131906270980835,3.0
27.0,91.0,1.5283814668655396,4.0
27.0,98.0,1.110200136899948,5.0
27.0,123.0,3.026355028152466,6.0
27.0,147.0,2.8489203453063965,7.0
27.0,194.0,2.3318455815315247,8.0
27.0,298.0,2.60892105102539,9.0
27.0,305.0,0.9414000511169434,10.0
27.0,319.0,3.320072054862976,11.0
27.0,418.0,3.2972326278686523,12.0
27.0,703.0,3.655094027519226,13.0
27.0,700.0,2.6260656118392944,14.0
27.0,813.0,3.433099269866944,15.0
27.0,831.0,2.7831177711486816,16.0
27.0,1131.0,1.1404524743556976,17.0
27.0,399.0,3.356956958770752,18.0
27.0,398.0,3.432069420814514,19.0
27.0,1299.0,2.9241626262664795,20.0
27.0,1362.0,3.211643099784851,21.0
27.0,1557.0,2.266593098640442,22.0
27.0,258.0,3.582813143730164,23.0
27.0,343.0,3.2539632320404053,24.0
27.0,385.0,3.3701080083847046,25.0
27.0,386.0,3.246697306632996,26.0
27.0,668.0,3.185227513313293,27.0
27.0,2286.0,3.312394499778748,28.0
27.0,2287.0,2.951693892478943,29.0
27.0,2306.0,2.4357181787490845,30.0
27.0,641.0,2.401456832885742,31.0
27.0,1121.0,3.68746554851532,32.0
27.0,598.0,1.7139207124710083,33.0
27.0,1799.0,2.7078604698181152,34.0
27.0,1002.0,1.7265576720237732,35.0
27.0,1802.0,2.805067658424377,36.0
27.0,3680.0,1.554504156112671,37.0
27.0,3685.0,2.8987499475479126,38.0
27.0,3687.0,2.883505702018738,39.0
28.0,86.0,1.9102619290351868,0.0
28.0,95.0,1.464381217956543,1.0
28.0,134.0,0.3236440420150757,2.0
28.0,2585.0,0.9663633108139038,3.0
28.0,2600.0,2.298270106315613,4.0
28.0,3121.0,2.367220640182495,5.0
28.0,3187.0,2.3371773958206177,6.0
28.0,3494.0,0.5054376255720854,7.0
28.0,3529.0,2.438362598419189,8.0
28.0,3851.0,0.5084687918424606,9.0
28.0,4325.0,1.4662998616695404,10.0
28.0,4365.0,3.0053749084472656,11.0
28.0,4492.0,2.331545352935791,12.0
28.0,4691.0,2.382596731185913,13.0
28.0,1870.0,2.434451699256897,14.0
28.0,5398.0,2.306252121925354,15.0
28.0,6820.0,2.355971992015838,16.0
28.0,1321.0,2.604828000068665,17.0
28.0,6077.0,1.5571382641792295,18.0
28.0,2371.0,2.659750938415528,19.0
28.0,7505.0,3.61573338508606,20.0
28.0,3886.0,2.575217127799988,21.0
28.0,6267.0,3.313701868057251,22.0
28.0,5946.0,1.748530626296997,23.0
28.0,2492.0,2.937913179397583,24.0
28.0,7288.0,2.406652092933655,25.0
28.0,8378.0,2.255533277988434,26.0
28.0,2853.0,2.954410433769226,27.0
28.0,8635.0,2.530400276184082,28.0
28.0,733.0,2.884693145751953,29.0
28.0,8809.0,2.616150736808777,30.0
28.0,8827.0,3.493407845497132,31.0
28.0,5704.0,2.4809510707855225,32.0
28.0,8245.0,2.398940920829773,33.0
28.0,5345.0,2.3445579409599304,34.0
28.0,6783.0,2.2047619819641118,35.0
28.0,3846.0,3.0466867685317998,36.0
28.0,1536.0,1.4245811104774475,37.0
28.0,9281.0,2.142449259757996,38.0
28.0,6375.0,2.558367133140564,39.0
29.0,88.0,2.2013394832611084,0.0
29.0,111.0,1.673384189605713,1.0
29.0,112.0,3.155632257461548,2.0
29.0,113.0,2.3645050525665283,3.0
29.0,115.0,2.6045048236846924,4.0
29.0,138.0,1.3842897415161133,5.0
29.0,151.0,3.485911011695862,6.0
29.0,152.0,2.8056600093841557,7.0
29.0,160.0,3.075761318206787,8.0
29.0,168.0,2.818809747695923,9.0
29.0,171.0,0.6934509947896004,10.0
29.0,176.0,3.093727231025696,11.0
29.0,167.0,1.6834959983825684,12.0
29.0,209.0,3.1373239755630493,13.0
29.0,51.0,3.657689929008484,14.0
29.0,26.0,3.066774010658264,15.0
29.0,17.0,2.376090705394745,16.0
29.0,406.0,2.962592124938965,17.0
29.0,409.0,2.8756686449050903,18.0
29.0,449.0,2.740271210670471,19.0
29.0,60.0,3.7650227546691895,20.0
29.0,627.0,3.383359909057617,21.0
29.0,210.0,3.309589147567749,22.0
29.0,4.0,2.5980982780456543,23.0
29.0,767.0,1.5548758506774902,24.0
29.0,803.0,1.4212108254432678,25.0
29.0,858.0,2.985863208770752,26.0
29.0,309.0,3.476435422897339,27.0
29.0,309.0,3.476435422897339,28.0
29.0,883.0,3.6481930017471313,29.0
29.0,309.0,3.476435422897339,30.0
29.0,992.0,1.769605278968811,31.0
29.0,993.0,0.7962892353534698,32.0
29.0,951.0,2.8894731998443604,33.0
29.0,955.0,3.3644262552261357,34.0
29.0,1135.0,2.8901208639144897,35.0
29.0,1199.0,2.4734983444213867,36.0
29.0,2962.0,2.8034918308258057,37.0
29.0,2514.0,2.367002069950104,38.0
29.0,2474.0,0.8705920279026031,39.0
30.0,92.0,2.9081398248672485,0.0
30.0,92.0,2.9081398248672485,1.0
30.0,100.0,1.1610089242458344,2.0
30.0,120.0,3.614436149597168,3.0
30.0,133.0,1.31581848859787,4.0
30.0,130.0,3.5536450147628784,5.0
30.0,177.0,3.4025309085845947,6.0
30.0,174.0,3.3040318489074707,7.0
30.0,218.0,2.6698269844055176,8.0
30.0,237.0,2.9670382738113403,9.0
30.0,472.0,2.3152005672454834,10.0
30.0,66.0,4.273831844329834,11.0
30.0,586.0,2.5210280418396,12.0
30.0,322.0,2.8569700717926025,13.0
30.0,769.0,2.399320483207702,14.0
30.0,1297.0,2.7464598417282104,15.0
30.0,610.0,2.9583314657211304,16.0
30.0,251.0,4.01590621471405,17.0
30.0,1296.0,3.5551003217697144,18.0
30.0,889.0,2.598244786262512,19.0
30.0,1648.0,2.733380675315857,20.0
30.0,1611.0,4.19680643081665,21.0
30.0,1610.0,3.8422155380249023,22.0
30.0,703.0,3.631348967552185,23.0
30.0,181.0,3.89976418018341,24.0
30.0,1260.0,2.374414503574372,25.0
30.0,1967.0,0.9314658492803574,26.0
30.0,445.0,4.362154483795166,27.0
30.0,2129.0,3.3684898614883423,28.0
30.0,457.0,1.847687005996704,29.0
30.0,2372.0,2.2322381734848022,30.0
30.0,1157.0,3.5587847232818604,31.0
30.0,2103.0,3.182881593704224,32.0
30.0,676.0,4.043216109275818,33.0
30.0,676.0,4.043216109275818,34.0
30.0,3716.0,1.178741216659546,35.0
30.0,2882.0,2.0743937492370605,36.0
30.0,2369.0,2.7570894956588745,37.0
30.0,2287.0,3.4851996898651123,38.0
30.0,3077.0,3.536196708679199,39.0
31.0,93.0,3.9675580263137817,0.0
31.0,95.0,3.4079660177230835,1.0
31.0,478.0,3.767323255538941,2.0
31.0,1588.0,2.889168620109558,3.0
31.0,1283.0,4.069011807441711,4.0
31.0,1048.0,1.7634354829788208,5.0
31.0,1650.0,1.715959131717682,6.0
31.0,383.0,4.164132118225098,7.0
31.0,376.0,4.468526840209961,8.0
31.0,377.0,4.368253469467163,9.0
31.0,382.0,4.297547101974487,10.0
31.0,378.0,4.460079908370972,11.0
31.0,1749.0,2.4026392698287964,12.0
31.0,1832.0,1.2244125008583069,13.0
31.0,840.0,2.8697614669799805,14.0
31.0,2763.0,1.5620190501213074,15.0
31.0,746.0,3.48324716091156,16.0
31.0,745.0,4.120163679122925,17.0
31.0,745.0,4.120163679122925,18.0
31.0,4132.0,2.5626251697540283,19.0
31.0,2329.0,2.440079927444458,20.0
31.0,4132.0,2.5626251697540283,21.0
31.0,2553.0,2.1600704193115234,22.0
31.0,3066.0,2.602282285690308,23.0
31.0,1939.0,3.2937477827072144,24.0
31.0,1305.0,2.8896892070770264,25.0
31.0,281.0,1.5633727312088013,26.0
31.0,409.0,3.833154201507568,27.0
31.0,290.0,3.496961832046509,28.0
31.0,1299.0,2.9559088945388794,29.0
31.0,547.0,1.4636839628219604,30.0
31.0,567.0,1.5779920816421509,31.0
31.0,568.0,2.6927202939987183,32.0
31.0,5841.0,0.9557847827672958,33.0
31.0,4009.0,1.716277897357941,34.0
31.0,4719.0,1.5036057829856873,35.0
31.0,3339.0,2.0812682509422302,36.0
31.0,472.0,3.021622657775879,37.0
31.0,1274.0,3.1189855337142944,38.0
31.0,384.0,3.746724128723145,39.0
2341.0,10651.0,2.3191351890563965,0.0
1658.0,13863.0,0.8787869513034821,90.0
